守卫编号,是否加载,所处地图,所处地名,所处坐标x,所处坐标y,所处方向,守卫名字,移动坐标,移动阻塞
4748,TRUE,10,镇魔古城,1061,550,右下,驿站管理员,0,TRUE
6604,TRUE,10,镇魔古城,1063,548,左下,驿站管理员,0,TRUE
6529,TRUE,10,镇魔古城,1062,549,下方,镇魔殿使者,0,TRUE
6604,TRUE,11,镇魔殿二层,958,331,左下,驿站管理员,0,TRUE
6604,TRUE,11,镇魔殿三层,941,344,左下,驿站管理员,0,TRUE
6532,TRUE,11,镇魔殿二层,1109,278,下方,百师01,0,TRUE
6533,TRUE,11,镇魔殿二层,1108,276,下方,香毒01,0,TRUE
7131,TRUE,11,镇魔殿二层,954,330,下方,镇魔守卫,0,TRUE
6532,TRUE,12,镇魔殿三层,953,662,下方,百师01,0,TRUE
6533,TRUE,12,镇魔殿三层,952,661,下方,香毒01,0,TRUE
7131,TRUE,12,镇魔殿三层,950,329,下方,镇魔守卫,0,TRUE
6604,TRUE,13,镇魔殿四层,964,370,左下,驿站管理员,0,TRUE
6532,TRUE,13,镇魔殿四层,986,276,下方,百师01,0,TRUE
6533,TRUE,13,镇魔殿四层,987,275,下方,香毒01,0,TRUE
7131,TRUE,13,镇魔殿四层,968,371,下方,镇魔守卫,0,TRUE
6604,TRUE,14,镇魔殿一层,901,855,左下,驿站管理员,0,TRUE
6532,TRUE,14,镇魔殿一层,812,346,下方,百师01,0,TRUE
6533,TRUE,14,镇魔殿一层,811,345,下方,香毒01,0,TRUE
7131,TRUE,14,镇魔殿一层,1144,453,下方,镇魔守卫,0,TRUE
6414,TRUE,21,巅峰赛王城,948,463,下方,道哥31,0,TRUE
6515,TRUE,26,修罗备战区,948,463,左下,凤舞,0,TRUE
7119,TRUE,26,修罗备战区,941,459,左下,玛法通驿,0,TRUE
6718,TRUE,26,修罗备战区,955,469,右下,百师-杂货,0,TRUE
6717,TRUE,26,修罗备战区,953,471,右下,香毒-药店,0,TRUE
6413,TRUE,26,修罗备战区,951,473,右下,刀妹-武器,0,TRUE
6516,TRUE,27,修罗狩猎场,1019,415,左方,修罗场图腾,0,TRUE
6516,TRUE,27,修罗狩猎场,1021,413,左方,修罗场图腾,0,TRUE
6516,TRUE,27,修罗狩猎场,1023,411,左方,修罗场图腾,0,TRUE
6516,TRUE,27,修罗狩猎场,1021,592,0,修罗场图腾,0,TRUE
6516,TRUE,27,修罗狩猎场,1019,594,0,修罗场图腾,0,TRUE
6516,TRUE,27,修罗狩猎场,1023,590,0,修罗场图腾,0,TRUE
6516,TRUE,27,修罗狩猎场,1152,416,0,修罗场图腾,0,TRUE
6516,TRUE,27,修罗狩猎场,1150,416,0,修罗场图腾,0,TRUE
6516,TRUE,27,修罗狩猎场,1154,416,0,修罗场图腾,0,TRUE
6516,TRUE,27,修罗狩猎场,1027,239,0,修罗场图腾,0,TRUE
6516,TRUE,27,修罗狩猎场,1025,241,0,修罗场图腾,0,TRUE
6516,TRUE,27,修罗狩猎场,1029,237,0,修罗场图腾,0,TRUE
6516,TRUE,27,修罗狩猎场,901,424,0,修罗场图腾,0,TRUE
6516,TRUE,27,修罗狩猎场,903,422,0,修罗场图腾,0,TRUE
6516,TRUE,27,修罗狩猎场,905,420,0,修罗场图腾,0,TRUE
6516,TRUE,28,修罗竞技场,1028,70,左方,修罗场图腾,0,TRUE
7146,TRUE,31,秘宝小镇,1067,209,右下,罡斩,0,TRUE
6521,TRUE,31,秘宝小镇,1047,195,左下,容剑,0,TRUE
6522,TRUE,31,秘宝小镇,956,216,左下,影笑,0,TRUE
6523,TRUE,31,秘宝小镇,1004,173,右下,红芸,0,TRUE
6524,TRUE,31,秘宝小镇,1002,238,左下,朴不二,0,TRUE
6525,TRUE,31,秘宝小镇,1049,202,左方,夏二丫,0,TRUE
6526,TRUE,31,秘宝小镇,1061,181,右下,百师,0,TRUE
6527,TRUE,31,秘宝小镇,1068,183,左上,香毒,0,TRUE
6528,TRUE,31,秘宝小镇,1054,216,左下,玛法通驿,0,TRUE
6530,TRUE,31,秘宝小镇,1079,195,左下,风翎,0,TRUE
6553,TRUE,35,遗落长廊,994,337,下方,玛法侍从35,0,TRUE
6555,TRUE,35,遗落长廊,976,321,下方,长廊雕像35,0,TRUE
6555,TRUE,35,遗落长廊,979,324,下方,长廊雕像35,0,TRUE
6555,TRUE,35,遗落长廊,981,316,下方,长廊雕像35,0,TRUE
6555,TRUE,35,遗落长廊,984,319,下方,长廊雕像35,0,TRUE
6555,TRUE,35,遗落长廊,987,322,下方,长廊雕像35,0,TRUE
6555,TRUE,35,遗落长廊,982,327,下方,长廊雕像35,0,TRUE
6556,TRUE,35,遗落长廊,960,326,下方,长廊雕像351,0,TRUE
6556,TRUE,35,遗落长廊,963,323,下方,长廊雕像351,0,TRUE
6556,TRUE,35,遗落长廊,963,329,下方,长廊雕像351,0,TRUE
6556,TRUE,35,遗落长廊,966,326,下方,长廊雕像351,0,TRUE
6556,TRUE,35,遗落长廊,966,332,下方,长廊雕像351,0,TRUE
6556,TRUE,35,遗落长廊,969,329,下方,长廊雕像351,0,TRUE
6558,TRUE,35,遗落长廊,994,334,下方,节日物资35,0,TRUE
6528,TRUE,40,无相之境,1021,286,右下,玛法通驿05,0,TRUE
6534,TRUE,40,无相之境,1020,291,右下,曜香01,0,TRUE
6571,TRUE,40,无相之境,1016,297,右下,熄焰恶魔,0,TRUE
6572,TRUE,40,无相之境,1013,292,左方,秘境大门,0,TRUE
6718,TRUE,40,无相之境,1018,291,右下,百师,0,TRUE
6326,TRUE,50,苍月岛,1203,432,右下,红莉,0,TRUE
6351,TRUE,50,苍月岛,1176,452,左下,宫茗,0,TRUE
6352,TRUE,50,苍月岛,1197,474,下方,清源,0,TRUE
6353,TRUE,50,苍月岛,1159,455,左下,灵雪儿,0,TRUE
6354,TRUE,50,苍月岛,1179,470,右下,菇瑟,0,TRUE
6355,TRUE,50,苍月岛,1173,438,左下,乐儿,0,TRUE
6356,TRUE,50,苍月岛,1201,447,下方,春淳,0,TRUE
6357,TRUE,50,苍月岛,1169,480,下方,涵浩,0,TRUE
6723,TRUE,50,苍月岛,1159,486,右上,卫士01,0,TRUE
6723,TRUE,50,苍月岛,1155,482,右上,卫士01,0,TRUE
6723,TRUE,50,苍月岛,1193,495,左上,卫士01,0,TRUE
6723,TRUE,50,苍月岛,1201,487,左上,卫士01,0,TRUE
6723,TRUE,50,苍月岛,1162,417,右下,卫士01,0,TRUE
6723,TRUE,50,苍月岛,1157,422,右下,卫士01,0,TRUE
7119,TRUE,50,苍月岛,1195,449,右下,玛法通驿,0,TRUE
8228,TRUE,50,苍月岛,1197,448,右下,武尊01,0,TRUE
6328,TRUE,53,骨魔洞三层,986,262,下方,镖师,0,TRUE
6663,TRUE,53,骨魔洞三层,1126,341,下方,药老,0,TRUE
6664,TRUE,53,骨魔洞三层,1128,341,下方,醉爷,0,TRUE
6329,TRUE,54,骨魔洞四层,966,351,下方,项天,0,TRUE
7121,TRUE,55,骨魔洞五层,1083,238,右下,香菇,0,TRUE
6327,TRUE,58,尸魔洞二层,953,438,右下,洛梨,0,TRUE
6330,TRUE,62,牛魔寺庙三层,1078,673,下方,提香,0,TRUE
6331,TRUE,64,牛魔寺庙五层,1088,226,下方,苍澜,0,TRUE
6332,TRUE,65,牛魔寺庙六层,831,299,左下,比奇老兵10,0,TRUE
7121,TRUE,66,牛魔寺庙大厅,1058,198,右下,香菇,0,TRUE
6302,TRUE,67,地宫长廊,989,279,下方,送宝人偶01,0,TRUE
6308,TRUE,67,地宫长廊,971,368,右下,李回春,0,TRUE
6322,TRUE,67,地宫长廊,989,209,右方,林纹02,0,TRUE
6322,TRUE,67,地宫长廊,1037,302,右方,林纹02,0,TRUE
6322,TRUE,67,地宫长廊,994,281,右方,林纹02,0,TRUE
6323,TRUE,67,地宫长廊,1036,305,下方,芭儿,0,TRUE
6323,TRUE,67,地宫长廊,969,371,下方,芭儿,0,TRUE
6323,TRUE,67,地宫长廊,988,211,下方,芭儿,0,TRUE
6323,TRUE,67,地宫长廊,992,282,下方,芭儿,0,TRUE
6303,TRUE,68,地下宫殿1,1025,35,下方,送宝人偶02,0,TRUE
6153,TRUE,70,演武场,1015,71,右下,武师,0,TRUE
6154,TRUE,70,演武场,1012,79,下方,吉叔,0,TRUE
6804,TRUE,72,魔虫窟,1145,384,右下,老吉,0,TRUE
6174,TRUE,72,魔虫窟,1146,381,右下,白老十,0,TRUE
6187,TRUE,74,秘宝广场,1066,167,右下,峡谷哨探,0,TRUE
6195,TRUE,75,沙城幻境,1029,523,下方,幻境守将01,0,TRUE
6165,TRUE,75,沙城幻境,1037,581,下方,幻境守将01,0,TRUE
6195,TRUE,75,沙城幻境,1096,521,右下,幻境守将01,0,TRUE
6211,TRUE,76,九层魔塔,1033,70,下方,雷九道02,0,TRUE
6210,TRUE,77,镜像空间,1020,123,下方,试炼侍从,0,TRUE
6292,TRUE,78,沙城战场,240,1301,右下,传送员,0,TRUE
6292,TRUE,78,沙城战场,296,1245,下方,传送员,0,TRUE
6779,TRUE,78,沙城战场,233,1310,下方,刀妹,0,TRUE
6779,TRUE,78,沙城战场,289,1254,下方,刀妹,0,TRUE
6172,TRUE,81,名人堂,980,218,右下,青伊,0,TRUE
6173,TRUE,81,名人堂,996,251,右下,搔的带感,0,TRUE
6195,TRUE,81,名人堂,996,246,下方,灬飞云灬,0,TRUE
6165,TRUE,81,名人堂,996,241,下方,丶佛丶,0,TRUE
6195,TRUE,81,名人堂,976,246,右下,尾钾,0,TRUE
6210,TRUE,81,名人堂,976,241,下方,哥,0,TRUE
6211,TRUE,81,名人堂,976,251,下方,_斯,0,TRUE
6211,TRUE,82,洞天福地,1118,222,下方,矿洞引路人02,0,TRUE
6292,TRUE,85,沙城战场,240,1301,下方,传送员,0,TRUE
6292,TRUE,85,沙城战场,296,1245,下方,传送员,0,TRUE
6779,TRUE,85,沙城战场,233,1310,下方,刀妹,0,TRUE
6779,TRUE,85,沙城战场,289,1254,下方,刀妹,0,TRUE
6304,TRUE,86,地下宫殿2,1025,35,下方,送宝人偶03,0,TRUE
6348,TRUE,87,未知暗殿一层,1208,377,下方,小诗,0,TRUE
6348,TRUE,87,未知暗殿一层,1072,269,左下,小诗,0,TRUE
6349,TRUE,87,未知暗殿一层,1205,377,下方,娇儿,0,TRUE
6349,TRUE,87,未知暗殿一层,1072,273,左下,娇儿,0,TRUE
6804,TRUE,87,未知暗殿一层,1206,374,下方,老吉,0,TRUE
6804,TRUE,87,未知暗殿一层,1074,275,左下,老吉,0,TRUE
6358,TRUE,87,未知暗殿一层,857,386,左下,阿聘,0,TRUE
6359,TRUE,87,未知暗殿一层,866,474,下方,小莹,0,TRUE
6361,TRUE,87,未知暗殿一层,860,386,左下,乐声,0,TRUE
6362,TRUE,87,未知暗殿一层,1210,377,下方,佩离,0,TRUE
6364,TRUE,87,未知暗殿一层,1129,325,下方,天眼,0,TRUE
6364,TRUE,87,未知暗殿一层,923,414,下方,天眼,0,TRUE
6364,TRUE,87,未知暗殿一层,927,308,下方,天眼,0,TRUE
6348,TRUE,88,未知暗殿二层,949,255,左下,小诗,0,TRUE
6349,TRUE,88,未知暗殿二层,946,252,下方,娇儿,0,TRUE
6358,TRUE,88,未知暗殿二层,1139,218,右下,阿聘,0,TRUE
9669,TRUE,92,备战大厅,1017,80,下方,兽人军需官,0,TRUE
6482,TRUE,93,白日门海岸,912,261,左上,白日门哨探,0,TRUE
8216,TRUE,93,白日门海岸,940,419,右下,月霞,0,TRUE
8217,TRUE,93,白日门海岸,943,417,右下,林溪,0,TRUE
8219,TRUE,93,白日门海岸,936,416,左下,阿浪,0,TRUE
6591,TRUE,93,白日门海岸,924,255,右上,船夫6591,0,TRUE
4792,TRUE,102,白日门城,952,446,左上,神秘老人,0,TRUE
4795,TRUE,102,白日门城,936,465,左下,神秘剑客,0,TRUE
6101,TRUE,102,白日门城,948,450,左上,讲古老人,0,TRUE
6112,TRUE,102,白日门城,945,474,左下,雷七道01,0,TRUE
6126,TRUE,102,白日门城,940,437,左上,金家铁匠,0,TRUE
6128,TRUE,102,白日门城,961,463,右下,江湖侠客,0,TRUE
6146,TRUE,102,白日门城,970,464,右下,小殊,0,TRUE
6152,TRUE,102,白日门城,951,473,右下,龙飞,0,TRUE
6155,TRUE,102,白日门城,962,462,右下,玛法武士,0,TRUE
6162,TRUE,102,白日门城,911,484,左下,姬妙手,0,TRUE
6169,TRUE,102,白日门城,942,490,右下,常百草,0,TRUE
6188,TRUE,102,白日门城,953,427,右上,金九月,0,TRUE
6192,TRUE,102,白日门城,949,428,左上,碧橙,0,TRUE
6194,TRUE,102,白日门城,946,431,左上,印十月,0,TRUE
6212,TRUE,102,白日门城,937,466,左下,雷九道01,0,TRUE
6239,TRUE,102,白日门城,938,460,左上,千仁往,0,TRUE
6242,TRUE,102,白日门城,952,472,右下,哨探,0,TRUE
6252,TRUE,102,白日门城,953,471,右下,游吟诗人,0,TRUE
6254,TRUE,102,白日门城,945,432,左上,阿诗,0,TRUE
6275,TRUE,102,白日门城,959,429,左上,道真,0,TRUE
6301,TRUE,102,白日门城,950,448,左上,镇魔守将01,0,TRUE
6307,TRUE,102,白日门城,935,458,左下,公会通缉,0,TRUE
6350,TRUE,102,白日门城,1028,490,右方,星移,0,TRUE
6371,TRUE,102,白日门城,954,444,左上,孟叔,0,TRUE
6387,TRUE,102,白日门城,936,462,左上,道哥,0,TRUE
6434,TRUE,102,白日门城,965,459,右下,博文,0,TRUE
6441,TRUE,102,白日门城,948,429,左上,游叔,0,TRUE
6460,TRUE,102,白日门城,938,493,右下,驯魔者,0,TRUE
6500,TRUE,102,白日门城,947,509,右下,魏隆悟,0,TRUE
6596,TRUE,102,白日门城,1106,402,右方,船夫,0,TRUE
6601,TRUE,102,白日门城,977,391,右方,少年将领,0,TRUE
6602,TRUE,102,白日门城,986,430,左下,未立,0,TRUE
6603,TRUE,102,白日门城,982,426,左下,未成,0,TRUE
6604,TRUE,102,白日门城,1023,508,右下,驿站管理员,0,TRUE
6605,TRUE,102,白日门城,954,470,右下,寺庙守将,0,TRUE
6606,TRUE,102,白日门城,960,464,右下,军需官,0,TRUE
6607,TRUE,102,白日门城,1029,496,右方,商队头领,0,TRUE
6609,TRUE,102,白日门城,966,458,右下,雪原货商,0,TRUE
6714,TRUE,102,白日门城,947,430,左上,紫容,0,TRUE
6717,TRUE,102,白日门城,951,483,右下,香毒,0,TRUE
6718,TRUE,102,白日门城,956,480,右下,百师,0,TRUE
6719,TRUE,102,白日门城,992,463,右下,红芸,0,TRUE
6720,TRUE,102,白日门城,987,479,右下,影笑,0,TRUE
6721,TRUE,102,白日门城,989,475,右上,容剑,0,TRUE
6726,TRUE,102,白日门城,931,505,左下,龙迁,0,TRUE
6728,TRUE,102,白日门城,940,508,左下,麦家铺子,0,TRUE
6740,TRUE,102,白日门城,940,458,左上,沙万军,0,TRUE
6771,TRUE,102,白日门城,955,429,右上,陈叔,0,TRUE
6783,TRUE,102,白日门城,930,504,左下,老沙,0,TRUE
6791,TRUE,102,白日门城,942,435,左上,三爷,0,TRUE
6792,TRUE,102,白日门城,968,466,右下,史万千,0,TRUE
6798,TRUE,102,白日门城,963,461,右下,老兵01,0,TRUE
6807,TRUE,102,白日门城,944,433,左上,四爷,0,TRUE
6809,TRUE,102,白日门城,957,431,右上,五爷,0,TRUE
6997,TRUE,102,白日门城,967,457,右下,秦天01,0,TRUE
7001,TRUE,102,白日门城,950,427,左上,雕爷,0,TRUE
7101,TRUE,102,白日门城,964,460,右下,玛法福利官,0,TRUE
7111,TRUE,102,白日门城,953,481,右下,思景01,0,TRUE
7119,TRUE,102,白日门城,972,462,右下,玛法通驿,0,TRUE
7166,TRUE,102,白日门城,950,474,右下,地脉使者01,0,TRUE
8230,TRUE,102,白日门城,859,552,左下,林威将军24,0,TRUE
8231,TRUE,102,白日门城,946,475,左下,女武师24,0,TRUE
8237,TRUE,102,白日门城,947,476,左下,白日门天师24,0,TRUE
8461,TRUE,102,白日门城,950,444,右下,公告牌1,0,TRUE
8463,TRUE,102,白日门城,989,466,右下,夏二丫,0,TRUE
8464,TRUE,102,白日门城,991,464,右下,朴不二,0,TRUE
8465,TRUE,102,白日门城,928,502,左下,林达,0,TRUE
9658,TRUE,102,白日门城,968,456,右下,神秘学者,0,TRUE
6388,TRUE,102,白日门城,936,462,下方,道哥01,0,TRUE
2440,TRUE,103,遗落寺庙,770,861,左上,小阿飞,0,TRUE
2441,TRUE,103,遗落寺庙,771,860,左上,大飞哥,0,TRUE
6804,TRUE,103,遗落寺庙,772,859,左上,老吉,0,TRUE
2440,TRUE,103,遗落寺庙,1279,861,右上,小阿飞,0,TRUE
2441,TRUE,103,遗落寺庙,1278,860,右上,大飞哥,0,TRUE
6804,TRUE,103,遗落寺庙,1277,859,右上,老吉,0,TRUE
2440,TRUE,103,遗落寺庙,1278,354,左上,小阿飞,0,TRUE
2441,TRUE,103,遗落寺庙,1277,355,左上,大飞哥,0,TRUE
6804,TRUE,103,遗落寺庙,1276,356,左上,老吉,0,TRUE
2440,TRUE,103,遗落寺庙,774,357,右上,小阿飞,0,TRUE
2441,TRUE,103,遗落寺庙,775,358,右上,大飞哥,0,TRUE
6804,TRUE,103,遗落寺庙,773,356,右上,老吉,0,TRUE
6605,TRUE,103,遗落寺庙,776,359,右上,寺庙守将,0,TRUE
6592,TRUE,105,赤月群岛,1066,200,左上,船夫6592,0,TRUE
6590,TRUE,105,赤月群岛,1143,285,左下,原住民熊山,0,TRUE
6578,TRUE,105,赤月群岛,1141,284,左下,伏,0,TRUE
6576,TRUE,105,赤月群岛,1088,190,下方,星狸,0,TRUE
6579,TRUE,105,赤月群岛,1143,274,右上,古老神树,0,TRUE
6589,TRUE,105,赤月群岛,1148,268,右上,妖族白鹿,0,TRUE
6577,TRUE,105,赤月群岛,1151,271,右上,祸狐,0,TRUE
6775,TRUE,105,赤月群岛,1154,274,右上,月灵香,0,TRUE
6776,TRUE,105,赤月群岛,1154,277,右下,红菇,0,TRUE
6588,TRUE,105,赤月群岛,1085,323,左下,索株,0,TRUE
6587,TRUE,105,赤月群岛,1223,318,右上,老旧园丁6587,0,TRUE
6593,TRUE,106,嚎哭密林,1044,176,下方,老旧园丁6593,0,TRUE
6594,TRUE,106,嚎哭密林,945,286,右下,密林管理员6594,0,TRUE
6595,TRUE,106,嚎哭密林,970,305,左上,密林管理员6595,0,TRUE
7121,TRUE,110,远古禁域,1029,50,上方,香菇,0,TRUE
6420,TRUE,111,陵墓浅表,1043,277,下方,负伤的大祭祀,0,TRUE
6421,TRUE,112,陵墓深层,1031,378,下方,通灵古椁,0,TRUE
6422,TRUE,112,陵墓深层,1010,234,下方,天师之影,0,TRUE
6481,TRUE,113,龙耀崖,1151,587,左方,负伤的哨探,0,TRUE
6483,TRUE,113,龙耀崖,1279,542,右下,奎叔,0,TRUE
6484,TRUE,113,龙耀崖,1097,751,左下,克翁,0,TRUE
6485,TRUE,113,龙耀崖,1103,731,右下,雪域军需官,0,TRUE
6486,TRUE,113,龙耀崖,1089,742,下方,雪域护民官,0,TRUE
6609,TRUE,113,龙耀崖,1095,725,右方,雪原货商,0,TRUE
6608,TRUE,113,龙耀崖,1086,729,右下,商队驿使,0,TRUE
9663,TRUE,113,龙耀崖,1067,739,下方,魔龙匠师,0,TRUE
6485,TRUE,114,黑岩峰底,664,471,左下,雪域军需官,0,TRUE
6486,TRUE,114,黑岩峰底,678,478,左下,雪域护民官,0,TRUE
6487,TRUE,114,黑岩峰底,848,419,左下,暗雪幸存者,0,TRUE
6488,TRUE,114,黑岩峰底,894,263,右方,阿特仔,0,TRUE
6489,TRUE,114,黑岩峰底,670,474,右下,卓尔玛,0,TRUE
6485,TRUE,115,龙栖峰,923,389,左下,雪域军需官,0,TRUE
6490,TRUE,115,龙栖峰,938,397,右下,卓尔玛01,0,TRUE
6548,TRUE,115,龙栖峰,918,474,下方,暗雪哨探,0,TRUE
6485,TRUE,116,冰川地脉,1199,279,右方,雪域军需官,0,TRUE
6486,TRUE,116,冰川地脉,1194,272,右方,雪域护民官,0,TRUE
6541,TRUE,116,冰川地脉,1184,265,右下,暗雪村民,0,TRUE
6542,TRUE,116,冰川地脉,1195,286,下方,伊尔,0,TRUE
6547,TRUE,116,冰川地脉,1199,282,右方,暗雪令使,0,TRUE
6543,TRUE,117,霜火地脉,1053,455,右下,挣扎的龙仆,0,TRUE
6544,TRUE,117,霜火地脉,906,284,左下,弥留枪手,0,TRUE
6485,TRUE,118,龙血地脉,932,203,右下,雪域军需官,0,TRUE
6546,TRUE,118,龙血地脉,936,198,右下,龙火族长,0,TRUE
6996,TRUE,121,勇者试炼之地,1025,113,下方,小游02,0,TRUE
6990,TRUE,122,试炼幻境,1025,113,右下,洛命,0,TRUE
8232,TRUE,123,石原荒漠,1172,204,下方,石原难民24,0,TRUE
8233,TRUE,123,石原荒漠,1080,187,右上,难民首领24,0,TRUE
8234,TRUE,123,石原荒漠,964,196,右下,难民游侠24,0,TRUE
8235,TRUE,123,石原荒漠,1135,197,右方,逃亡半兽人2401,0,TRUE
8250,TRUE,123,石原荒漠,994,204,右下,荒漠鹰卫,0,TRUE
8236,TRUE,123,石原荒漠,868,213,下方,受伤的半兽人斥候2402,0,TRUE
8243,TRUE,123,石原荒漠,1133,196,下方,荒漠守卫01,0,TRUE
8244,TRUE,123,石原荒漠,1134,200,下方,荒漠守卫02,0,TRUE
8229,TRUE,124,石原废墟,996,342,右下,离魅24,0,TRUE
8238,TRUE,124,石原废墟,878,252,右下,哨探鹰卫24,0,TRUE
8239,TRUE,124,石原废墟,971,236,右下,营地将领24,0,TRUE
8240,TRUE,124,石原废墟,1037,174,左上,药剂师24,0,TRUE
8241,TRUE,124,石原废墟,1009,289,右下,幸存者24,0,TRUE
8242,TRUE,124,石原废墟,1141,266,右下,幸存者勇士24,0,TRUE
2441,TRUE,124,石原废墟,1037,181,左下,大飞哥,0,TRUE
6308,TRUE,124,石原废墟,1043,175,右上,李回春,0,TRUE
6485,TRUE,125,黑岩山麓,922,361,右下,雪域军需官,0,TRUE
6536,TRUE,125,黑岩山麓,1018,577,下方,斥候首领,0,TRUE
6537,TRUE,125,黑岩山麓,909,370,左下,雪域指挥官01,0,TRUE
6538,TRUE,125,黑岩山麓,931,342,左下,雪域勇士,0,TRUE
6538,TRUE,125,黑岩山麓,926,337,左下,雪域勇士,0,TRUE
6538,TRUE,125,黑岩山麓,1015,577,下方,雪域勇士,0,TRUE
6538,TRUE,125,黑岩山麓,1021,577,下方,雪域勇士,0,TRUE
6539,TRUE,125,黑岩山麓,1114,433,下方,受伤的勇士,0,TRUE
6549,TRUE,125,黑岩山麓,908,362,左下,岩琳珑,0,TRUE
7174,TRUE,125,黑岩山麓,994,587,下方,卓尔玛02,0,TRUE
7176,TRUE,125,黑岩山麓,990,589,下方,雪域封印,0,TRUE
6538,TRUE,126,巨龙之巅,1057,165,右下,雪域勇士,0,TRUE
6538,TRUE,126,巨龙之巅,1052,163,左方,雪域勇士,0,TRUE
6540,TRUE,126,巨龙之巅,1055,163,上方,前线指挥官01,0,TRUE
6728,TRUE,127,公会属地,952,470,0,麦家铺子,0,TRUE
6861,TRUE,127,公会属地,974,514,0,玉轩公,0,TRUE
6863,TRUE,127,公会属地,931,580,0,司巫02,0,TRUE
6864,TRUE,127,公会属地,960,500,0,沙万,0,TRUE
6880,TRUE,127,公会属地,987,510,0,公会使者01,0,TRUE
6881,TRUE,127,公会属地,972,495,0,阿海01,0,TRUE
6882,TRUE,127,公会属地,975,498,0,阿林01,0,TRUE
6885,TRUE,127,公会属地,1116,368,0,陈诚01,0,TRUE
6898,TRUE,127,公会属地,953,485,0,莫公01,0,TRUE
6904,TRUE,127,公会属地,976,516,0,司巫01,0,TRUE
6905,TRUE,127,公会属地,967,507,0,祖巫01,0,TRUE
6907,TRUE,127,公会属地,963,503,0,夏家婶婶01,0,TRUE
6909,TRUE,127,公会属地,983,506,0,龙漠,0,TRUE
8251,TRUE,131,石原矿洞,943,214,左下,矿洞鹰卫,0,TRUE
8252,TRUE,131,石原矿洞,946,217,左下,无为08,0,TRUE
7121,TRUE,131,石原矿洞,1121,323,右下,香菇,0,TRUE
6404,TRUE,132,荒原秘境,824,335,下方,秘境商人,0,TRUE
4748,TRUE,142,边界村,865,462,右下,新手接待员,0,TRUE
4749,TRUE,142,边界村,628,630,右下,朴有界,0,TRUE
4750,TRUE,142,边界村,948,453,右下,小潘,0,TRUE
4751,TRUE,142,边界村,951,453,右下,铁大娘,0,TRUE
4752,TRUE,142,边界村,962,434,右下,张屠夫,0,TRUE
4753,TRUE,142,边界村,961,438,右下,小潘,0,TRUE
4754,TRUE,142,边界村,906,373,右上,吉大爷,0,TRUE
4755,TRUE,142,边界村,922,415,右上,小涛,0,TRUE
4756,TRUE,142,边界村,921,416,左下,小毅,0,TRUE
4757,TRUE,142,边界村,927,483,左下,武大娘,0,TRUE
4758,TRUE,142,边界村,897,479,左下,王屠夫,0,TRUE
4759,TRUE,142,边界村,863,418,左上,扫地劳工01,0,TRUE
4759,TRUE,142,边界村,904,447,左下,扫地劳工01,0,TRUE
4760,TRUE,142,边界村,936,468,右下,赵婶,0,TRUE
6432,TRUE,142,边界村,894,457,左方,博莉,0,TRUE
6434,TRUE,142,边界村,903,463,左下,博文,0,TRUE
6436,TRUE,142,边界村,894,454,左方,博展,0,TRUE
6661,TRUE,142,边界村,918,423,右下,玲月04,0,TRUE
6662,TRUE,142,边界村,898,502,右下,白玉兰,0,TRUE
6663,TRUE,142,边界村,907,485,右方,药老,0,TRUE
6664,TRUE,142,边界村,904,492,右下,醉爷,0,TRUE
6665,TRUE,142,边界村,654,660,左下,阿吉,0,TRUE
6666,TRUE,142,边界村,941,417,右下,龙爷,0,TRUE
6667,TRUE,142,边界村,942,416,右下,百火,0,TRUE
6669,TRUE,142,边界村,866,461,右下,边界村老兵02,0,TRUE
6671,TRUE,142,边界村,885,442,左下,阿英,0,TRUE
6672,TRUE,142,边界村,884,496,左下,王铁匠,0,TRUE
6673,TRUE,142,边界村,1295,737,右下,熊大01,0,TRUE
6674,TRUE,142,边界村,1292,741,右下,狼二01,0,TRUE
6676,TRUE,142,边界村,1296,735,右下,黑五,0,TRUE
6677,TRUE,142,边界村,1290,740,右下,良玉,0,TRUE
6678,TRUE,142,边界村,1079,756,左下,信使随从,0,TRUE
6679,TRUE,142,边界村,882,494,左下,王大锤,0,TRUE
6680,TRUE,142,边界村,665,664,右下,玉娘,0,TRUE
6682,TRUE,142,边界村,891,505,左下,朴无界,0,TRUE
6683,TRUE,142,边界村,860,465,右下,南苍公,0,TRUE
6684,TRUE,142,边界村,901,461,右下,阿九08,0,TRUE
6685,TRUE,142,边界村,1006,512,右下,朴十八,0,TRUE
6686,TRUE,142,边界村,1094,452,右下,铁牛,0,TRUE
6687,TRUE,142,边界村,1075,589,左下,比奇信使,0,TRUE
6688,TRUE,142,边界村,1033,329,右下,贝儿,0,TRUE
6689,TRUE,142,边界村,1246,641,左下,铁牛02,0,TRUE
6690,TRUE,142,边界村,1096,447,右方,达叔,0,TRUE
6723,TRUE,142,边界村,858,412,左上,卫士01,0,TRUE
6723,TRUE,142,边界村,864,406,左上,卫士01,0,TRUE
6723,TRUE,142,边界村,881,483,左上,卫士01,0,TRUE
6723,TRUE,142,边界村,884,480,左上,卫士01,0,TRUE
6723,TRUE,142,边界村,935,375,左下,卫士01,0,TRUE
6723,TRUE,142,边界村,939,379,左下,卫士01,0,TRUE
6723,TRUE,142,边界村,942,497,左上,卫士01,0,TRUE
6723,TRUE,142,边界村,948,491,左上,卫士01,0,TRUE
6723,TRUE,142,边界村,868,440,左下,卫士01,0,TRUE
6723,TRUE,142,边界村,872,444,左下,卫士01,0,TRUE
6723,TRUE,142,边界村,906,416,右下,卫士01,0,TRUE
6723,TRUE,142,边界村,910,412,右下,卫士01,0,TRUE
7119,TRUE,142,边界村,877,430,右方,玛法通驿,0,TRUE
8459,TRUE,142,边界村,898,391,左下,乞食者01,0,TRUE
8460,TRUE,142,边界村,900,390,右下,王氏01,0,TRUE
6160,FALSE,142,边界村,854,458,下方,玛法特使,0,TRUE
7152,FALSE,142,边界村,859,462,下方,新人接待,0,TRUE
4761,TRUE,143,比奇省,1111,545,左下,神算子,0,TRUE
4762,TRUE,143,比奇省,1112,543,左下,平民,0,TRUE
4762,TRUE,143,比奇省,1112,544,左下,平民,0,TRUE
4763,TRUE,143,比奇省,1111,543,上方,平民09,0,TRUE
4764,TRUE,143,比奇省,1010,573,左上,垂钓老者,0,TRUE
4767,TRUE,143,比奇省,1209,582,右上,劳工1,0,TRUE
4767,TRUE,143,比奇省,1187,625,右方,劳工1,0,TRUE
4767,TRUE,143,比奇省,1152,629,下方,劳工1,0,TRUE
4767,TRUE,143,比奇省,1028,654,右下,劳工1,0,TRUE
4768,TRUE,143,比奇省,1208,582,左下,劳工2,0,TRUE
4768,TRUE,143,比奇省,1028,653,上方,劳工2,0,TRUE
4768,TRUE,143,比奇省,1152,628,左方,劳工2,0,TRUE
4769,TRUE,143,比奇省,1157,605,上方,平民10,0,TRUE
4769,TRUE,143,比奇省,1178,647,左方,平民10,0,TRUE
4769,TRUE,143,比奇省,1152,672,左方,平民10,0,TRUE
4769,TRUE,143,比奇省,991,600,左下,平民10,0,TRUE
4769,TRUE,143,比奇省,1122,545,左上,平民10,0,TRUE
4769,TRUE,143,比奇省,1167,567,右下,平民10,0,TRUE
4770,TRUE,143,比奇省,1098,527,右方,平民2,0,TRUE
4770,TRUE,143,比奇省,1122,544,右下,平民2,0,TRUE
4770,TRUE,143,比奇省,1126,552,上方,平民2,0,TRUE
4770,TRUE,143,比奇省,1125,553,左上,平民2,0,TRUE
4770,TRUE,143,比奇省,1160,551,右下,平民2,0,TRUE
4770,TRUE,143,比奇省,1151,582,下方,平民2,0,TRUE
4770,TRUE,143,比奇省,1209,610,左方,平民2,0,TRUE
4770,TRUE,143,比奇省,1156,678,右方,平民2,0,TRUE
4770,TRUE,143,比奇省,1157,684,右下,平民2,0,TRUE
4770,TRUE,143,比奇省,994,624,左下,平民2,0,TRUE
4770,TRUE,143,比奇省,918,662,左下,平民2,0,TRUE
4770,TRUE,143,比奇省,1079,529,左下,平民2,0,TRUE
4770,TRUE,143,比奇省,1121,511,右上,平民2,0,TRUE
4770,TRUE,143,比奇省,1097,526,右上,平民2,0,TRUE
4771,TRUE,143,比奇省,1209,583,下方,劳工3,0,TRUE
4771,TRUE,143,比奇省,1186,624,左上,劳工3,0,TRUE
4771,TRUE,143,比奇省,1027,654,左方,劳工3,0,TRUE
4772,TRUE,143,比奇省,1194,707,左下,阿九09,0,TRUE
4791,TRUE,143,比奇省,1121,603,左下,彩蝶,0,TRUE
4795,TRUE,143,比奇省,1109,622,下方,神秘剑客,0,TRUE
4799,TRUE,143,比奇省,1007,660,右上,工人01,0,TRUE
4800,TRUE,143,比奇省,1196,628,右下,浣纱娘01,0,TRUE
4800,TRUE,143,比奇省,1067,518,右下,浣纱娘01,0,TRUE
6112,TRUE,143,比奇省,1102,622,下方,雷七道01,0,TRUE
6126,TRUE,143,比奇省,1088,551,左下,金家铁匠,0,TRUE
6128,TRUE,143,比奇省,1096,616,左方,江湖侠客,0,TRUE
6146,TRUE,143,比奇省,1124,647,左下,小殊,0,TRUE
6146,TRUE,143,比奇省,730,409,左下,小殊,0,TRUE
6155,TRUE,143,比奇省,1116,608,右方,玛法武士,0,TRUE
6162,TRUE,143,比奇省,1143,591,右下,姬妙手,0,TRUE
6169,TRUE,143,比奇省,1175,635,左下,常百草,0,TRUE
6169,TRUE,143,比奇省,780,348,左方,常百草,0,TRUE
6188,TRUE,143,比奇省,1082,545,左下,金九月,0,TRUE
6192,TRUE,143,比奇省,1086,549,左下,碧橙,0,TRUE
6194,TRUE,143,比奇省,1145,589,右下,印十月,0,TRUE
6242,TRUE,143,比奇省,1101,551,右上,哨探,0,TRUE
6245,TRUE,143,比奇省,1027,696,左下,紫伊,0,TRUE
6252,TRUE,143,比奇省,1103,554,右上,游吟诗人,0,TRUE
6254,TRUE,143,比奇省,1093,559,左下,阿诗,0,TRUE
6274,TRUE,143,比奇省,1107,602,上方,沙城供奉,0,TRUE
6293,TRUE,143,比奇省,1115,642,左下,算命先生,0,TRUE
6301,TRUE,143,比奇省,1116,616,右方,镇魔守将01,0,TRUE
6311,TRUE,143,比奇省,1101,602,上方,活动大使01,0,TRUE
6324,TRUE,143,比奇省,968,167,右下,智瑗,0,TRUE
6324,TRUE,143,比奇省,968,167,右下,智瑗,0,TRUE
6367,TRUE,143,比奇省,940,643,右下,管理员03,0,TRUE
6426,TRUE,143,比奇省,1110,602,上方,淬炼童子,0,TRUE
6434,TRUE,143,比奇省,1103,602,上方,博文,0,TRUE
6441,TRUE,143,比奇省,1094,560,左下,游叔,0,TRUE
6460,TRUE,143,比奇省,1083,615,左下,驯魔者,0,TRUE
6535,TRUE,143,比奇省,1101,618,右下,屠龙之证,0,TRUE
6574,TRUE,143,比奇省,1170,633,左下,史娘,0,TRUE
6575,TRUE,143,比奇省,1165,631,左下,曹叔,0,TRUE
6586,TRUE,143,比奇省,1114,597,左下,命运使01,0,TRUE
6660,TRUE,143,比奇省,1164,625,左下,比奇杂货商01,0,TRUE
6691,TRUE,143,比奇省,1185,535,下方,城门守将,0,TRUE
6692,TRUE,143,比奇省,1104,703,左下,龙相君,0,TRUE
6692,TRUE,143,比奇省,951,165,左下,龙相君,0,TRUE
6693,TRUE,143,比奇省,1119,642,左下,奇云公,0,TRUE
6693,TRUE,143,比奇省,728,407,左下,奇云公,0,TRUE
6694,TRUE,143,比奇省,975,727,左下,防务官,0,TRUE
6695,TRUE,143,比奇省,863,738,左下,卫常,0,TRUE
6696,TRUE,143,比奇省,1010,576,左上,鱼童,0,TRUE
6697,TRUE,143,比奇省,1154,678,左下,叫卖者,0,TRUE
6697,TRUE,143,比奇省,1097,527,左下,叫卖者,0,TRUE
6697,TRUE,143,比奇省,1126,553,右下,叫卖者,0,TRUE
6698,TRUE,143,比奇省,1156,680,右下,平民07,0,TRUE
6698,TRUE,143,比奇省,1154,677,上方,平民07,0,TRUE
6698,TRUE,143,比奇省,945,630,左上,平民07,0,TRUE
6698,TRUE,143,比奇省,1122,512,右上,平民07,0,TRUE
6698,TRUE,143,比奇省,1098,528,右下,平民07,0,TRUE
6698,TRUE,143,比奇省,1096,526,上方,平民07,0,TRUE
6698,TRUE,143,比奇省,1112,544,右方,平民07,0,TRUE
6698,TRUE,143,比奇省,1112,543,右上,平民07,0,TRUE
6698,TRUE,143,比奇省,1127,552,左上,平民07,0,TRUE
6698,TRUE,143,比奇省,1125,554,左方,平民07,0,TRUE
6701,TRUE,143,比奇省,857,735,左上,阿南,0,TRUE
6705,TRUE,143,比奇省,1090,553,左下,七仔,0,TRUE
6709,TRUE,143,比奇省,1161,573,右下,比奇乞丐,0,TRUE
6710,TRUE,143,比奇省,1210,653,左方,扫地劳工,0,TRUE
6710,TRUE,143,比奇省,1190,563,右下,扫地劳工,0,TRUE
6710,TRUE,143,比奇省,1053,683,左上,扫地劳工,0,TRUE
6710,TRUE,143,比奇省,986,718,左上,扫地劳工,0,TRUE
6710,TRUE,143,比奇省,1025,612,左下,扫地劳工,0,TRUE
6710,TRUE,143,比奇省,953,637,左上,扫地劳工,0,TRUE
6710,TRUE,143,比奇省,998,665,左上,扫地劳工,0,TRUE
6710,TRUE,143,比奇省,1015,558,上方,扫地劳工,0,TRUE
6710,TRUE,143,比奇省,1067,511,上方,扫地劳工,0,TRUE
6714,TRUE,143,比奇省,1148,586,右下,紫容,0,TRUE
6717,TRUE,143,比奇省,788,355,右下,香毒,0,TRUE
6717,TRUE,143,比奇省,1106,568,右下,香毒,0,TRUE
6718,TRUE,143,比奇省,1031,554,左下,百师,0,TRUE
6719,TRUE,143,比奇省,820,248,右下,红芸,0,TRUE
6720,TRUE,143,比奇省,848,299,右下,白玉兰,0,TRUE
6721,TRUE,143,比奇省,755,316,左下,容剑,0,TRUE
6723,TRUE,143,比奇省,1020,606,右上,卫士01,0,TRUE
6723,TRUE,143,比奇省,1024,611,右上,卫士01,0,TRUE
6723,TRUE,143,比奇省,1086,627,左下,卫士01,0,TRUE
6723,TRUE,143,比奇省,1091,632,左下,卫士01,0,TRUE
6723,TRUE,143,比奇省,1104,699,左上,卫士01,0,TRUE
6723,TRUE,143,比奇省,1105,698,左上,卫士01,0,TRUE
6723,TRUE,143,比奇省,1106,697,左上,卫士01,0,TRUE
6723,TRUE,143,比奇省,1107,696,左上,卫士01,0,TRUE
6723,TRUE,143,比奇省,1109,695,左上,卫士01,0,TRUE
6723,TRUE,143,比奇省,1108,703,右下,卫士01,0,TRUE
6723,TRUE,143,比奇省,1109,702,右下,卫士01,0,TRUE
6723,TRUE,143,比奇省,1110,701,右下,卫士01,0,TRUE
6723,TRUE,143,比奇省,1111,700,右下,卫士01,0,TRUE
6723,TRUE,143,比奇省,1112,698,右下,卫士01,0,TRUE
6723,TRUE,143,比奇省,1126,678,左上,卫士01,0,TRUE
6723,TRUE,143,比奇省,1129,681,右下,卫士01,0,TRUE
6723,TRUE,143,比奇省,1160,620,左下,卫士01,0,TRUE
6723,TRUE,143,比奇省,1183,529,左下,卫士01,0,TRUE
6723,TRUE,143,比奇省,1190,535,左下,卫士01,0,TRUE
6723,TRUE,143,比奇省,1189,701,左上,卫士01,0,TRUE
6723,TRUE,143,比奇省,1194,697,左上,卫士01,0,TRUE
6723,TRUE,143,比奇省,962,749,左上,卫士01,0,TRUE
6723,TRUE,143,比奇省,969,755,右下,卫士01,0,TRUE
6723,TRUE,143,比奇省,963,158,右下,卫士01,0,TRUE
6723,TRUE,143,比奇省,962,159,右下,卫士01,0,TRUE
6723,TRUE,143,比奇省,951,161,左上,卫士01,0,TRUE
6723,TRUE,143,比奇省,952,160,左上,卫士01,0,TRUE
6723,TRUE,143,比奇省,953,159,左上,卫士01,0,TRUE
6723,TRUE,143,比奇省,954,158,左上,卫士01,0,TRUE
6723,TRUE,143,比奇省,955,157,左上,卫士01,0,TRUE
6723,TRUE,143,比奇省,956,156,左上,卫士01,0,TRUE
6723,TRUE,143,比奇省,957,155,左上,卫士01,0,TRUE
6723,TRUE,143,比奇省,958,154,左上,卫士01,0,TRUE
6723,TRUE,143,比奇省,959,153,左上,卫士01,0,TRUE
6723,TRUE,143,比奇省,961,160,右下,卫士01,0,TRUE
6723,TRUE,143,比奇省,960,161,右下,卫士01,0,TRUE
6723,TRUE,143,比奇省,959,162,右下,卫士01,0,TRUE
6723,TRUE,143,比奇省,958,163,右下,卫士01,0,TRUE
6723,TRUE,143,比奇省,957,164,右下,卫士01,0,TRUE
6723,TRUE,143,比奇省,956,165,右下,卫士01,0,TRUE
6723,TRUE,143,比奇省,955,166,右下,卫士01,0,TRUE
6724,TRUE,143,比奇省,1007,562,左下,弓箭卫士,0,TRUE
6724,TRUE,143,比奇省,1042,582,左下,弓箭卫士,0,TRUE
6724,TRUE,143,比奇省,1047,587,左下,弓箭卫士,0,TRUE
6724,TRUE,143,比奇省,1057,519,左下,弓箭卫士,0,TRUE
6724,TRUE,143,比奇省,1061,554,左上,弓箭卫士,0,TRUE
6724,TRUE,143,比奇省,1100,571,右下,弓箭卫士,0,TRUE
6724,TRUE,143,比奇省,1131,672,左下,弓箭卫士,0,TRUE
6724,TRUE,143,比奇省,1132,581,右下,弓箭卫士,0,TRUE
6724,TRUE,143,比奇省,1135,676,左下,弓箭卫士,0,TRUE
6724,TRUE,143,比奇省,1155,709,右下,弓箭卫士,0,TRUE
6724,TRUE,143,比奇省,1205,658,右下,弓箭卫士,0,TRUE
6726,TRUE,143,比奇省,1111,712,左下,龙迁,0,TRUE
6728,TRUE,143,比奇省,1167,627,左下,麦家铺子,0,TRUE
6728,TRUE,143,比奇省,695,362,左下,麦家铺子,0,TRUE
6733,TRUE,143,比奇省,1096,612,左方,武馆教头02,0,TRUE
6734,TRUE,143,比奇省,1134,673,左下,大刀守卫01,0,TRUE
6736,TRUE,143,比奇省,817,767,上方,死尸,0,TRUE
6737,TRUE,143,比奇省,1097,563,左下,小飞01,0,TRUE
6738,TRUE,143,比奇省,1199,591,右上,平民08,0,TRUE
6738,TRUE,143,比奇省,1084,489,左上,平民08,0,TRUE
6739,TRUE,143,比奇省,1204,597,右下,平民06,0,TRUE
6739,TRUE,143,比奇省,960,707,下方,平民06,0,TRUE
6740,TRUE,143,比奇省,1099,699,左下,沙万军,0,TRUE
6771,TRUE,143,比奇省,1080,543,左下,陈叔,0,TRUE
6790,TRUE,143,比奇省,1178,680,左下,商会使者,0,TRUE
6790,TRUE,143,比奇省,1157,659,左下,商会使者,0,TRUE
6790,TRUE,143,比奇省,1139,641,左下,商会使者,0,TRUE
6790,TRUE,143,比奇省,1121,623,左下,商会使者,0,TRUE
6790,TRUE,143,比奇省,1214,638,右下,商会使者,0,TRUE
6790,TRUE,143,比奇省,1224,608,右下,商会使者,0,TRUE
6790,TRUE,143,比奇省,1186,636,右下,商会使者,0,TRUE
6790,TRUE,143,比奇省,1184,596,右下,商会使者,0,TRUE
6790,TRUE,143,比奇省,1168,545,左下,商会使者,0,TRUE
6790,TRUE,143,比奇省,1141,572,左下,商会使者,0,TRUE
6790,TRUE,143,比奇省,1119,594,左下,商会使者,0,TRUE
6790,TRUE,143,比奇省,1095,596,左下,商会使者,0,TRUE
6790,TRUE,143,比奇省,1077,579,左下,商会使者,0,TRUE
6790,TRUE,143,比奇省,1059,561,左下,商会使者,0,TRUE
6790,TRUE,143,比奇省,1039,540,左下,商会使者,0,TRUE
6790,TRUE,143,比奇省,1102,490,右下,商会使者,0,TRUE
6790,TRUE,143,比奇省,1117,510,右下,商会使者,0,TRUE
6790,TRUE,143,比奇省,1128,524,右下,商会使者,0,TRUE
6790,TRUE,143,比奇省,1102,540,右方,商会使者,0,TRUE
6790,TRUE,143,比奇省,1115,537,右方,商会使者,0,TRUE
6790,TRUE,143,比奇省,1085,523,右方,商会使者,0,TRUE
6798,TRUE,143,比奇省,1096,608,左方,老兵01,0,TRUE
6875,TRUE,143,比奇省,1108,709,左下,阿常01,0,TRUE
6997,TRUE,143,比奇省,1108,630,下方,秦天01,0,TRUE
6999,TRUE,143,比奇省,1116,610,右方,猎魔暗使,0,TRUE
7001,TRUE,143,比奇省,1151,586,右下,雕爷,0,TRUE
7101,TRUE,143,比奇省,1105,602,上方,玛法福利官,0,TRUE
7119,TRUE,143,比奇省,1087,610,左方,玛法通驿,0,TRUE
7151,TRUE,143,比奇省,1116,613,右方,直升礼官,0,TRUE
7166,TRUE,143,比奇省,1097,547,右上,地脉使者01,0,TRUE
8461,TRUE,143,比奇省,1085,617,左下,公告牌1,0,TRUE
8463,TRUE,143,比奇省,809,252,右下,夏二丫,0,TRUE
8464,TRUE,143,比奇省,815,254,右下,朴不二,0,TRUE
8465,TRUE,143,比奇省,1174,634,左下,林达,0,TRUE
8465,TRUE,143,比奇省,690,353,左下,林达,0,TRUE
9658,TRUE,143,比奇省,1087,606,左方,神秘学者,0,TRUE
4798,TRUE,143,比奇省,1107,562,右下,救伤劳工,"1107,562;1092,546;1097,542;1080,525;1073,532;1062,521;1059,524;1058,523;1061,520;1072,531;1079,524;1096,541;1092,547;1103,557",TRUE
4801,TRUE,143,比奇省,1146,626,右下,马夫01,"1146,626;1138,634;1181,677;1190,668;1181,678;1138,635;1146,625",TRUE
6708,TRUE,143,比奇省,1041,652,右下,比奇挑夫,"1041,652;1065,654;1093,625;1090,626;1064,653;1057,648;1041,652",TRUE
6712,TRUE,143,比奇省,1095,591,右下,比奇骑兵,"1095,591;1043,540;1034,550;1086,601",TRUE
6712,TRUE,143,比奇省,1114,628,右下,比奇骑兵,"1114,628;1173,688;1182,679;1123,620",TRUE
6781,TRUE,143,比奇省,1058,661,右下,卫士02,"1058,661;1029,690;1027,689;1057,660",TRUE
6781,TRUE,143,比奇省,990,727,右下,卫士02,"990,727;1005,710;1007,712;991,728",TRUE
6800,TRUE,143,比奇省,1151,554,右下,挑夫01,"1151,554;1167,543;1199,574;1162,611;1146,611;1120,585;1151,553",TRUE
8516,TRUE,143,比奇省,1022,612,右下,搬运工02,"1022,612;994,639;1028,674;1052,641;1022,611",TRUE
8517,TRUE,143,比奇省,1124,575,右下,搬运工03,"1124,575;1112,563;1146,524;1138,514;1138,515;1146,525;1129,544;1129,544;1110,563",TRUE
8518,TRUE,143,比奇省,1128,605,右下,大婶01,"1128,605;1134,599;1155,621;1160,617;1185,644;1168,661;1124,617;1124,606",TRUE
6097,TRUE,143,比奇省,1105,633,右下,攻城哨探,0,TRUE
6160,FALSE,143,比奇省,1110,602,下方,玛法特使,0,TRUE
6699,TRUE,143,比奇省,877,755,下方,难民尸体01,0,TRUE
6699,TRUE,143,比奇省,878,756,下方,难民尸体01,0,TRUE
6699,TRUE,143,比奇省,882,745,下方,难民尸体01,0,TRUE
6699,TRUE,143,比奇省,887,758,下方,难民尸体01,0,TRUE
6700,TRUE,143,比奇省,839,738,下方,难民尸体02,0,TRUE
6703,TRUE,143,比奇省,1097,526,下方,平民02,0,TRUE
6703,TRUE,143,比奇省,1098,527,下方,平民02,0,TRUE
6703,TRUE,143,比奇省,1121,511,下方,平民02,0,TRUE
6703,TRUE,143,比奇省,1125,552,下方,平民02,0,TRUE
6703,TRUE,143,比奇省,1126,551,下方,平民02,0,TRUE
6703,TRUE,143,比奇省,1156,678,下方,平民02,0,TRUE
6704,TRUE,143,比奇省,1027,553,下方,平民3,0,TRUE
6704,TRUE,143,比奇省,1135,520,下方,平民3,0,TRUE
6704,TRUE,143,比奇省,1143,617,下方,平民3,0,TRUE
6704,TRUE,143,比奇省,1147,588,下方,平民3,0,TRUE
6711,TRUE,143,比奇省,1187,533,下方,信差,0,TRUE
6729,TRUE,143,比奇省,869,752,下方,难民尸体03,0,TRUE
6729,TRUE,143,比奇省,869,759,下方,难民尸体03,0,TRUE
6729,TRUE,143,比奇省,881,742,下方,难民尸体03,0,TRUE
6730,TRUE,143,比奇省,872,751,下方,难民尸体04,0,TRUE
6730,TRUE,143,比奇省,885,758,下方,难民尸体04,0,TRUE
6731,TRUE,143,比奇省,864,745,下方,难民尸体05,0,TRUE
6731,TRUE,143,比奇省,866,743,下方,难民尸体05,0,TRUE
6732,TRUE,143,比奇省,850,751,下方,难民尸体06,0,TRUE
6732,TRUE,143,比奇省,857,737,下方,难民尸体06,0,TRUE
6732,TRUE,143,比奇省,858,735,下方,难民尸体06,0,TRUE
6732,TRUE,143,比奇省,860,735,下方,难民尸体06,0,TRUE
6732,TRUE,143,比奇省,867,767,下方,难民尸体06,0,TRUE
7167,TRUE,143,比奇省,1097,547,下方,地脉使者02,0,TRUE
6132,TRUE,144,比奇矿区,1053,195,下方,高老头02,0,TRUE
6741,TRUE,144,比奇矿区,1057,194,左下,飞虎,0,TRUE
6742,TRUE,144,比奇矿区,1051,189,左下,小飞,0,TRUE
6750,TRUE,144,比奇矿区,1053,190,左下,藏剑,0,TRUE
8468,TRUE,144,比奇矿区,1055,192,左下,药不灵,0,TRUE
8469,TRUE,144,比奇矿区,1062,190,右下,金不换,0,TRUE
8471,TRUE,144,比奇矿区,1036,160,左下,卫兵3,0,TRUE
8471,TRUE,144,比奇矿区,1043,153,右上,卫兵3,0,TRUE
8470,TRUE,144,比奇矿区,1216,312,下方,流浪武士01,0,TRUE
4767,TRUE,145,沃玛森林,897,493,右方,劳工1,0,TRUE
4769,TRUE,145,沃玛森林,900,471,右方,平民10,0,TRUE
4770,TRUE,145,沃玛森林,888,491,下方,平民2,0,TRUE
6724,TRUE,145,沃玛森林,873,478,左下,弓箭卫士,0,TRUE
6724,TRUE,145,沃玛森林,877,473,右上,弓箭卫士,0,TRUE
6724,TRUE,145,沃玛森林,901,464,下方,弓箭卫士,0,TRUE
6724,TRUE,145,沃玛森林,896,461,左方,弓箭卫士,0,TRUE
6724,TRUE,145,沃玛森林,908,481,左方,弓箭卫士,0,TRUE
6724,TRUE,145,沃玛森林,908,474,上方,弓箭卫士,0,TRUE
6724,TRUE,145,沃玛森林,899,496,右上,弓箭卫士,0,TRUE
6724,TRUE,145,沃玛森林,891,499,左上,弓箭卫士,0,TRUE
6751,TRUE,145,沃玛森林,892,466,上方,凤婆,0,TRUE
6752,TRUE,145,沃玛森林,883,487,左下,包欣,0,TRUE
6753,TRUE,145,沃玛森林,885,472,左上,宫婉,0,TRUE
6754,TRUE,145,沃玛森林,899,488,右下,灵湖,0,TRUE
6755,TRUE,145,沃玛森林,888,523,左上,汪伯,0,TRUE
6756,TRUE,145,沃玛森林,879,525,右上,小虾,0,TRUE
6757,TRUE,145,沃玛森林,874,485,下方,阿碧,0,TRUE
6758,TRUE,145,沃玛森林,1032,572,下方,大刀卫兵,0,TRUE
6760,TRUE,145,沃玛森林,894,482,下方,蒙武,0,TRUE
6798,TRUE,145,沃玛森林,889,482,左下,老兵01,0,TRUE
8481,TRUE,145,沃玛森林,869,294,左下,巫婆01,0,TRUE
8482,TRUE,145,沃玛森林,1139,349,下方,湖中仙女,0,TRUE
8483,TRUE,145,沃玛森林,1003,652,左下,盲眼女人,0,TRUE
8484,TRUE,145,沃玛森林,1071,638,左上,樵夫阿大,0,TRUE
8485,TRUE,145,沃玛森林,897,311,右方,樵夫阿小,0,TRUE
8486,TRUE,145,沃玛森林,817,354,左下,鹰卫侍从,0,TRUE
6761,TRUE,146,沃玛寺庙一层,983,521,左下,小潘,0,TRUE
4802,TRUE,147,盟重省,966,554,右方,农户01,"966,554;976,553;976,537;982,537;982,535;989,527;989,521;970,540;970,551;966,554;976,552;976,536;982,536;982,534;989,526;989,520;970,541;970,550;966,553",TRUE
8518,TRUE,147,盟重省,954,496,右方,大婶01,"954,496;960,502;966,503;994,531;994,540;994,532;966,504;960,503;954,497",TRUE
4769,TRUE,147,盟重省,972,504,右方,平民10,0,TRUE
4770,TRUE,147,盟重省,939,557,右方,平民2,0,TRUE
4770,TRUE,147,盟重省,950,563,右上,平民2,0,TRUE
4773,TRUE,147,盟重省,940,517,右上,网络文明宣传员,0,TRUE
4791,TRUE,147,盟重省,946,510,右下,彩蝶,0,TRUE
4792,TRUE,147,盟重省,952,528,右下,神秘老人,0,TRUE
4795,TRUE,147,盟重省,933,531,左下,神秘剑客,0,TRUE
4800,TRUE,147,盟重省,1025,518,右下,浣纱娘01,0,TRUE
6101,TRUE,147,盟重省,937,531,右下,讲古老人,0,TRUE
6103,TRUE,147,盟重省,958,545,右下,阿富01,0,TRUE
6106,TRUE,147,盟重省,954,537,右方,阿贵01,0,TRUE
6108,TRUE,147,盟重省,905,763,左下,黑市盐商,0,TRUE
6109,TRUE,147,盟重省,919,342,左下,货栈总管,0,TRUE
6112,TRUE,147,盟重省,935,533,右下,雷七道01,0,TRUE
6114,TRUE,147,盟重省,917,745,左下,神秘法师,0,TRUE
6126,TRUE,147,盟重省,925,541,左下,金家铁匠,0,TRUE
6128,TRUE,147,盟重省,925,524,左方,江湖侠客,0,TRUE
6142,TRUE,147,盟重省,866,574,左下,蒙剑,0,TRUE
6146,TRUE,147,盟重省,839,543,右下,小殊,0,TRUE
6146,TRUE,147,盟重省,746,966,左下,小殊,0,TRUE
6152,TRUE,147,盟重省,915,514,左下,龙飞,0,TRUE
6155,TRUE,147,盟重省,953,527,右下,玛法武士,0,TRUE
6162,TRUE,147,盟重省,954,546,右上,姬妙手,0,TRUE
6169,TRUE,147,盟重省,722,998,下方,常百草,0,TRUE
6188,TRUE,147,盟重省,919,539,下方,金九月,0,TRUE
6192,TRUE,147,盟重省,938,551,左下,碧橙,0,TRUE
6194,TRUE,147,盟重省,952,544,右上,印十月,0,TRUE
6212,TRUE,147,盟重省,950,530,右下,雷九道01,0,TRUE
6239,TRUE,147,盟重省,943,521,右方,千仁往,0,TRUE
6242,TRUE,147,盟重省,884,517,左方,哨探,0,TRUE
6242,TRUE,147,盟重省,931,529,左方,哨探,0,TRUE
6252,TRUE,147,盟重省,886,519,左下,游吟诗人,0,TRUE
6254,TRUE,147,盟重省,930,544,左下,阿诗,0,TRUE
6597,TRUE,147,盟重省,928,542,左下,传承祭司,0,TRUE
6274,TRUE,147,盟重省,942,526,右下,沙城供奉,0,TRUE
6275,TRUE,147,盟重省,900,534,左下,道真,0,TRUE
6294,TRUE,147,盟重省,944,524,右下,学宫侍从,0,TRUE
6301,TRUE,147,盟重省,940,528,右下,镇魔守将01,0,TRUE
6307,TRUE,147,盟重省,955,525,右下,公会通缉,0,TRUE
6311,TRUE,147,盟重省,930,516,左上,活动大使01,0,TRUE
6350,TRUE,147,盟重省,869,575,左下,星移,0,TRUE
6350,TRUE,147,盟重省,889,523,左下,星移,0,TRUE
6370,FALSE,147,盟重省,934,513,上方,武官,0,TRUE
6371,TRUE,147,盟重省,918,531,左上,孟叔,0,TRUE
6387,TRUE,147,盟重省,927,508,右上,道哥,0,TRUE
6402,TRUE,147,盟重省,916,541,下方,神圣天师官,0,TRUE
6412,TRUE,147,盟重省,887,521,左下,月灵香31,0,TRUE
6412,TRUE,147,盟重省,722,936,下方,月灵香31,0,TRUE
6413,TRUE,147,盟重省,657,856,左下,刀妹31,0,TRUE
6416,TRUE,147,盟重省,932,514,左上,狼头31,0,TRUE
6426,TRUE,147,盟重省,929,527,左下,淬炼童子,0,TRUE
6430,TRUE,147,盟重省,926,520,左方,阿布,0,TRUE
6434,TRUE,147,盟重省,931,515,左上,博文,0,TRUE
6441,TRUE,147,盟重省,911,545,下方,游叔,0,TRUE
6460,TRUE,147,盟重省,920,530,左上,驯魔者,0,TRUE
6476,TRUE,147,盟重省,903,537,左下,鹏仔,0,TRUE
6493,TRUE,147,盟重省,923,539,下方,玛法游学者,0,TRUE
6500,TRUE,147,盟重省,947,534,右下,魏隆悟,0,TRUE
6514,TRUE,147,盟重省,925,506,右上,修罗使者,0,TRUE
6520,TRUE,147,盟重省,890,524,左下,炼符老人,0,TRUE
6531,TRUE,147,盟重省,949,532,右下,雷云鹏,0,TRUE
6574,TRUE,147,盟重省,962,477,左下,史娘,0,TRUE
6575,TRUE,147,盟重省,966,481,左下,曹叔,0,TRUE
6586,TRUE,147,盟重省,948,522,右方,命运使01,0,TRUE
6662,TRUE,147,盟重省,587,857,左下,白玉兰,0,TRUE
6697,TRUE,147,盟重省,938,558,左上,叫卖者,0,TRUE
6698,TRUE,147,盟重省,939,559,右下,平民07,0,TRUE
6723,TRUE,147,盟重省,1028,555,左上,卫士01,0,TRUE
6723,TRUE,147,盟重省,1033,550,左上,卫士01,0,TRUE
6723,TRUE,147,盟重省,885,502,右下,卫士01,0,TRUE
6723,TRUE,147,盟重省,896,491,右下,卫士01,0,TRUE
6723,TRUE,147,盟重省,962,499,左上,卫士01,0,TRUE
6723,TRUE,147,盟重省,935,493,左上,卫士01,0,TRUE
6724,TRUE,147,盟重省,899,514,右下,弓箭卫士,0,TRUE
6724,TRUE,147,盟重省,905,509,右下,弓箭卫士,0,TRUE
6724,TRUE,147,盟重省,973,518,左下,弓箭卫士,0,TRUE
6724,TRUE,147,盟重省,977,523,左下,弓箭卫士,0,TRUE
6724,TRUE,147,盟重省,923,501,左上,弓箭卫士,0,TRUE
6733,TRUE,147,盟重省,937,514,右上,武馆教头02,0,TRUE
6739,TRUE,147,盟重省,1010,521,右上,平民06,0,TRUE
6739,TRUE,147,盟重省,999,497,下方,平民06,0,TRUE
6771,TRUE,147,盟重省,921,539,下方,陈叔,0,TRUE
6772,TRUE,147,盟重省,948,540,右上,盟容,0,TRUE
6776,TRUE,147,盟重省,914,521,右下,红菇,0,TRUE
6783,TRUE,147,盟重省,968,480,左下,老沙,0,TRUE
6783,TRUE,147,盟重省,933,528,左下,老沙,0,TRUE
6784,TRUE,147,盟重省,979,481,右下,沙千秋,0,TRUE
6785,TRUE,147,盟重省,908,310,左下,小贩,0,TRUE
6786,TRUE,147,盟重省,716,996,左下,夏悦来,0,TRUE
6786,TRUE,147,盟重省,963,475,左下,夏悦来,0,TRUE
6791,TRUE,147,盟重省,913,543,下方,三爷,0,TRUE
6792,TRUE,147,盟重省,831,536,左下,史万千,0,TRUE
6792,TRUE,147,盟重省,752,969,下方,史万千,0,TRUE
6793,TRUE,147,盟重省,924,754,左下,虾老大05,0,TRUE
6794,TRUE,147,盟重省,908,523,左下,黄家肉铺掌柜01,0,TRUE
6795,TRUE,147,盟重省,1012,624,右下,小虾米01,0,TRUE
6796,TRUE,147,盟重省,927,523,左方,蒙君毅01,0,TRUE
6797,TRUE,147,盟重省,995,541,右下,玲月06,0,TRUE
6798,TRUE,147,盟重省,925,521,左方,老兵01,0,TRUE
6799,TRUE,147,盟重省,862,570,左下,流浪汉01,0,TRUE
6807,TRUE,147,盟重省,909,544,下方,四爷,0,TRUE
6809,TRUE,147,盟重省,906,540,左下,五爷,0,TRUE
6994,FALSE,147,盟重省,931,529,左下,勇者商人01,0,TRUE
6997,TRUE,147,盟重省,974,486,右下,秦天01,0,TRUE
6999,TRUE,147,盟重省,945,521,右方,猎魔暗使,0,TRUE
7001,TRUE,147,盟重省,950,542,右上,雕爷,0,TRUE
7101,TRUE,147,盟重省,927,519,左上,玛法福利官,0,TRUE
7111,TRUE,147,盟重省,892,526,左下,思景01,0,TRUE
7119,TRUE,147,盟重省,935,506,左下,玛法通驿,0,TRUE
7144,TRUE,147,盟重省,945,536,右下,宝珍多,0,TRUE
7147,TRUE,147,盟重省,897,531,左下,神佑祭司,0,TRUE
7151,TRUE,147,盟重省,945,523,右方,直升礼官,0,TRUE
7179,TRUE,147,盟重省,929,510,右上,陈百战,0,TRUE
8461,TRUE,147,盟重省,938,507,左下,公告牌1,0,TRUE
8465,TRUE,147,盟重省,719,999,左下,林达,0,TRUE
8488,TRUE,147,盟重省,914,532,上方,荀守仁,0,TRUE
8489,TRUE,147,盟重省,913,532,左上,追风,0,TRUE
8513,TRUE,147,盟重省,620,816,右下,眉三娘,0,TRUE
8514,TRUE,147,盟重省,625,814,右下,沙巧巧,0,TRUE
8515,TRUE,147,盟重省,622,810,右下,柳扶风,0,TRUE
9658,TRUE,147,盟重省,922,528,左上,神秘学者,0,TRUE
6339,TRUE,147,盟重省,919,517,左下,战功统领,0,TRUE
6447,TRUE,147,盟重省,905,539,左下,虹锋,0,TRUE
6160,FALSE,147,盟重省,941,519,右下,玛法特使,0,TRUE
6277,FALSE,147,盟重省,931,529,下方,新年活动大使,0,TRUE
6414,TRUE,147,盟重省,618,820,下方,神秘饰品商01,0,TRUE
6552,FALSE,147,盟重省,942,526,下方,玛法老人03,0,TRUE
6703,TRUE,147,盟重省,939,557,下方,平民02,0,TRUE
6704,TRUE,147,盟重省,935,559,下方,平民3,0,TRUE
6778,TRUE,147,盟重省,586,858,下方,平民3,0,TRUE
6779,FALSE,147,盟重省,657,856,下方,刀妹,0,TRUE
7157,FALSE,147,盟重省,939,529,下方,小鹏仔,0,TRUE
9667,TRUE,147,盟重省,929,527,下方,铜贝贝,0,TRUE
9669,TRUE,147,盟重省,933,513,下方,兽人军需官,0,TRUE
6801,TRUE,148,死亡峡谷一层,1307,545,左下,虾老大06,0,TRUE
7178,TRUE,148,死亡峡谷一层,1199,525,下方,虾老大08,0,TRUE
6813,TRUE,149,石墓一层,1070,483,右下,麻老02,0,TRUE
6815,TRUE,149,石墓一层,1078,476,右下,钱一万,0,TRUE
6812,TRUE,149,石墓一层,1074,472,左上,虾老大01,0,TRUE
8617,TRUE,152,沙巴克,1014,509,右下,沙巴克公告牌,0,TRUE
6121,TRUE,152,沙巴克,1054,586,右下,高经验点,0,TRUE
6121,TRUE,152,沙巴克,1054,591,右上,高经验点,0,TRUE
6121,TRUE,152,沙巴克,1059,586,左下,高经验点,0,TRUE
6121,TRUE,152,沙巴克,1059,591,左上,高经验点,0,TRUE
6200,TRUE,152,沙巴克,517,1016,右下,李药师,0,TRUE
6912,TRUE,152,沙巴克,195,1346,右下,流影,0,TRUE
6913,TRUE,152,沙巴克,264,1277,右下,无崖,0,TRUE
6914,TRUE,152,沙巴克,655,882,右下,墨风,0,TRUE
6915,TRUE,152,沙巴克,461,1069,右下,唐巧,0,TRUE
6916,TRUE,152,沙巴克,596,940,右下,老十,0,TRUE
6917,TRUE,152,沙巴克,520,1013,右下,丹心,0,TRUE
6918,TRUE,152,沙巴克,403,1123,右上,铁如意,0,TRUE
6919,TRUE,152,沙巴克,1017,506,左下,沙城老兵,0,TRUE
6923,TRUE,152,沙巴克,1056,594,下方,沙城旗帜传送,0,TRUE
7119,TRUE,152,沙巴克,1090,511,左上,玛法通驿,0,TRUE
6266,TRUE,152,沙巴克,1136,529,左下,裁判,0,TRUE
6384,TRUE,152,沙巴克,1266,785,右下,城主护卫官,0,TRUE
6749,TRUE,153,比奇矿区,1095,241,左上,受伤的矿工,0,TRUE
6745,TRUE,153,比奇矿区二层,909,297,左下,逃兵,0,TRUE
6748,TRUE,154,比奇矿区三层,1093,286,左方,玄衣道长,0,TRUE
6747,TRUE,154,比奇矿区三层,960,424,下方,七叶长老,0,TRUE
6148,TRUE,155,沃玛寺庙二层,1055,485,右上,无为02,0,TRUE
6163,TRUE,155,沃玛寺庙二层,927,636,右下,使者01,0,TRUE
6762,TRUE,155,沃玛寺庙二层,931,741,下方,奇云生,0,TRUE
6763,TRUE,156,沃玛寺庙三层,903,315,右下,比奇老兵01,0,TRUE
6817,TRUE,159,石墓二层,1052,626,右下,虾老大02,0,TRUE
6817,TRUE,159,石墓二层,958,399,左下,虾老大02,0,TRUE
6820,TRUE,161,石墓四层,966,590,右上,蒙小茶01,0,TRUE
6165,TRUE,161,石墓四层,954,663,下方,使者03,0,TRUE
6663,TRUE,162,石墓五层,987,276,右上,药老,0,TRUE
6664,TRUE,162,石墓五层,989,278,右上,醉爷,0,TRUE
6819,TRUE,162,石墓五层,971,279,左下,虾老大04,0,TRUE
6814,TRUE,163,石墓阵,907,230,下方,魏铁生02,0,TRUE
6816,TRUE,163,石墓阵,681,456,下方,福娘,0,TRUE
6821,TRUE,164,虹魔教坛,1074,311,左下,蒙小茶02,0,TRUE
6831,TRUE,167,祖玛寺庙二层,1020,239,右下,玲雅01,0,TRUE
6834,TRUE,168,祖玛寺庙三层,990,377,右下,玲月08,0,TRUE
6836,TRUE,169,祖玛寺庙四层,1100,375,右下,祖玛教长老,0,TRUE
6166,TRUE,169,祖玛寺庙四层,1060,291,右下,使者04,0,TRUE
6150,TRUE,170,祖玛寺庙五层,980,366,右下,无为04,0,TRUE
6663,TRUE,171,祖玛阁,1006,71,左下,药老,0,TRUE
6664,TRUE,171,祖玛阁,1016,71,右下,醉爷,0,TRUE
6837,TRUE,171,祖玛阁,1011,71,右下,玲雅04,0,TRUE
6150,TRUE,171,祖玛阁,929,269,右下,无为04,0,TRUE
6832,TRUE,172,祖玛大厅,1097,181,右下,玲雅02,0,TRUE
6835,TRUE,175,祖玛寺长廊,1025,42,右下,小四,0,TRUE
4794,TRUE,179,监狱,1005,126,下方,典狱官,0,TRUE
4796,TRUE,183,经验武斗场,1023,81,左下,神秘剑客,0,TRUE
6121,TRUE,183,经验武斗场,1004,92,左方,高经验点,0,TRUE
6121,TRUE,183,经验武斗场,1012,99,左方,高经验点,0,TRUE
6121,TRUE,183,经验武斗场,1014,82,左方,高经验点,0,TRUE
6121,TRUE,183,经验武斗场,1014,87,左方,高经验点,0,TRUE
6121,TRUE,183,经验武斗场,1017,74,左方,高经验点,0,TRUE
6121,TRUE,183,经验武斗场,1022,96,左方,高经验点,0,TRUE
6121,TRUE,183,经验武斗场,1028,64,左方,高经验点,0,TRUE
6121,TRUE,183,经验武斗场,1031,73,左方,高经验点,0,TRUE
6121,TRUE,183,经验武斗场,1031,86,左方,高经验点,0,TRUE
6121,TRUE,183,经验武斗场,1039,76,左方,高经验点,0,TRUE
6102,TRUE,184,皇室宝库,1014,233,右方,宝库守卫,0,TRUE
6104,TRUE,185,困兽林,1065,166,右下,阿富02,0,TRUE
6105,TRUE,185,困兽林,1043,176,右下,富贵兽01,0,TRUE
6107,TRUE,186,随机长廊,1008,102,左方,阿贵02,0,TRUE
6841,TRUE,187,丛林迷宫,784,519,下方,清流,0,TRUE
6842,TRUE,187,丛林迷宫,1119,543,右方,方药师,0,TRUE
6843,TRUE,187,丛林迷宫,1305,950,右下,潘有财,0,TRUE
7122,TRUE,187,丛林迷宫,787,521,下方,赤月通驿,0,TRUE
6844,TRUE,191,赤月峡谷广场,1025,283,右下,小铃铛,0,TRUE
6175,TRUE,195,抉择之地,1004,246,右下,白十一,0,TRUE
6176,TRUE,195,抉择之地,1002,249,右下,幽妹10,0,TRUE
6663,TRUE,195,抉择之地,1027,256,下方,药老,0,TRUE
6664,TRUE,195,抉择之地,1030,256,下方,醉爷,0,TRUE
6845,TRUE,195,抉择之地,1017,328,右下,无涯,0,TRUE
6172,TRUE,195,抉择之地,1069,271,右下,无为06,0,TRUE
6173,TRUE,195,抉择之地,1046,320,右下,无为07,0,TRUE
6847,TRUE,197,山谷秘道,948,233,右下,龙战,0,TRUE
7121,TRUE,197,山谷秘道,1102,272,右下,香菇,0,TRUE
6802,TRUE,201,死亡峡谷二层,817,486,右上,受伤的法师,0,TRUE
6803,TRUE,201,死亡峡谷二层,819,489,右上,虾老大07,0,TRUE
7178,TRUE,201,死亡峡谷二层,886,599,下方,虾老大08,0,TRUE
6804,TRUE,202,死亡峡谷四层,770,532,左上,老吉,0,TRUE
6805,TRUE,202,死亡峡谷四层,789,545,下方,圆圆,0,TRUE
6806,TRUE,203,死亡峡谷六层,774,509,左下,玲月07,0,TRUE
6746,TRUE,207,尸王殿,1435,572,右方,飞虎1,0,TRUE
6163,TRUE,209,虫巢,1113,287,右方,使者01,0,TRUE
6164,TRUE,209,虫巢,1113,287,下方,使者02,0,TRUE
6113,TRUE,223,幽冥海一层,1086,219,左下,晓虹,0,TRUE
6119,TRUE,223,幽冥海一层,1083,217,左下,霓霜,0,TRUE
6141,TRUE,223,幽冥海一层,961,306,右上,白老六,0,TRUE
6804,TRUE,223,幽冥海一层,959,304,右上,老吉,0,TRUE
6120,TRUE,223,幽冥海一层,954,314,左下,啸浪,0,TRUE
6143,TRUE,223,幽冥海一层,854,424,下方,铁英,0,TRUE
6144,TRUE,224,幽冥海二层,981,431,右下,老夏,0,TRUE
6125,TRUE,224,幽冥海二层,1061,416,右上,白老七,0,TRUE
6804,TRUE,224,幽冥海二层,1068,420,右上,老吉,0,TRUE
6124,TRUE,224,幽冥海二层,966,628,左下,小虎,0,TRUE
6140,TRUE,225,幽冥海三层,902,554,左上,幽妹,0,TRUE
6804,TRUE,225,幽冥海三层,904,552,左上,老吉,0,TRUE
6138,TRUE,225,幽冥海三层,903,553,左上,白老八,0,TRUE
6118,TRUE,225,幽冥海三层,910,354,右下,渔翁,0,TRUE
6129,TRUE,226,幽冥海四层,1121,479,上方,神秘道尊01,0,TRUE
6130,TRUE,226,幽冥海四层,777,689,上方,神秘道尊02,0,TRUE
6140,TRUE,226,幽冥海四层,1150,257,右上,幽妹,0,TRUE
6139,TRUE,226,幽冥海四层,1146,253,上方,白老九,0,TRUE
6804,TRUE,226,幽冥海四层,1147,253,上方,老吉,0,TRUE
6117,TRUE,226,幽冥海四层,1148,253,右上,秀姑,0,TRUE
6099,TRUE,226,幽冥海四层,1130,396,下方,冥海裂隙,0,TRUE
6100,TRUE,226,幽冥海四层,954,214,下方,霓涟,0,TRUE
6111,TRUE,227,九层妖塔,1037,146,右方,明河,0,TRUE
6111,TRUE,227,九层妖塔,890,293,右方,明河,0,TRUE
6111,TRUE,227,九层妖塔,742,441,右方,明河,0,TRUE
6111,TRUE,227,九层妖塔,1157,266,右方,明河,0,TRUE
6111,TRUE,227,九层妖塔,1010,413,右方,明河,0,TRUE
6111,TRUE,227,九层妖塔,862,561,右方,明河,0,TRUE
6111,TRUE,227,九层妖塔,1300,409,右方,明河,0,TRUE
6111,TRUE,227,九层妖塔,1153,556,右方,明河,0,TRUE
6111,TRUE,227,九层妖塔,1005,704,右方,明河,0,TRUE
6111,TRUE,227,九层妖塔,604,579,右方,明河,0,TRUE
6115,TRUE,227,九层妖塔,1036,151,右方,烈火祭坛,0,TRUE
6115,TRUE,227,九层妖塔,889,298,右方,烈火祭坛,0,TRUE
6115,TRUE,227,九层妖塔,741,446,右方,烈火祭坛,0,TRUE
6115,TRUE,227,九层妖塔,1156,271,右方,烈火祭坛,0,TRUE
6115,TRUE,227,九层妖塔,1009,418,右方,烈火祭坛,0,TRUE
6115,TRUE,227,九层妖塔,861,566,右方,烈火祭坛,0,TRUE
6115,TRUE,227,九层妖塔,1299,414,右方,烈火祭坛,0,TRUE
6115,TRUE,227,九层妖塔,1152,561,右方,烈火祭坛,0,TRUE
6115,TRUE,227,九层妖塔,1004,709,右方,烈火祭坛,0,TRUE
6115,TRUE,227,九层妖塔,603,584,右方,烈火祭坛,0,TRUE
6116,TRUE,227,九层妖塔,1020,151,右方,寒冰祭坛,0,TRUE
6116,TRUE,227,九层妖塔,873,298,右方,寒冰祭坛,0,TRUE
6116,TRUE,227,九层妖塔,725,446,右方,寒冰祭坛,0,TRUE
6116,TRUE,227,九层妖塔,1140,271,右方,寒冰祭坛,0,TRUE
6116,TRUE,227,九层妖塔,993,418,右方,寒冰祭坛,0,TRUE
6116,TRUE,227,九层妖塔,845,566,右方,寒冰祭坛,0,TRUE
6116,TRUE,227,九层妖塔,1283,414,右方,寒冰祭坛,0,TRUE
6116,TRUE,227,九层妖塔,1136,561,右方,寒冰祭坛,0,TRUE
6116,TRUE,227,九层妖塔,988,709,右方,寒冰祭坛,0,TRUE
6116,TRUE,227,九层妖塔,589,584,右方,寒冰祭坛,0,TRUE
6883,TRUE,228,公会温泉,1020,480,0,夏家婶婶02,0,TRUE
6100,TRUE,229,冥海秘窟,1113,558,下方,霓涟,0,TRUE
6139,TRUE,229,冥海秘窟,1111,557,左方,白老九,0,TRUE
6216,TRUE,231,魔龙城,1079,500,右下,萍儿,0,TRUE
6219,TRUE,231,魔龙城,1067,488,右下,三彩,0,TRUE
6221,TRUE,231,魔龙城,1054,477,右下,洪力,0,TRUE
6222,TRUE,231,魔龙城,1041,514,右下,玉阴子,0,TRUE
6223,TRUE,231,魔龙城,1030,501,右下,炎伯,0,TRUE
6225,TRUE,231,魔龙城,1054,526,右下,优姬,0,TRUE
6235,TRUE,231,魔龙城,1051,497,右下,墨香,0,TRUE
6236,TRUE,231,魔龙城,1043,497,左下,墨灵,0,TRUE
6435,TRUE,231,魔龙城,1051,489,右上,神秘书商,0,TRUE
6497,TRUE,231,魔龙城,1036,503,左下,将进酒,0,TRUE
6723,TRUE,231,魔龙城,1085,471,左下,卫士01,0,TRUE
6723,TRUE,231,魔龙城,1090,476,左下,卫士01,0,TRUE
6723,TRUE,231,魔龙城,1026,477,右下,卫士01,0,TRUE
6723,TRUE,231,魔龙城,1031,472,右下,卫士01,0,TRUE
6723,TRUE,231,魔龙城,1026,530,右上,卫士01,0,TRUE
6723,TRUE,231,魔龙城,1031,535,右上,卫士01,0,TRUE
6723,TRUE,231,魔龙城,1027,539,右上,卫士01,0,TRUE
6723,TRUE,231,魔龙城,1022,534,右上,卫士01,0,TRUE
6724,TRUE,231,魔龙城,1056,506,右下,弓箭卫士,0,TRUE
6724,TRUE,231,魔龙城,1060,502,右下,弓箭卫士,0,TRUE
6851,TRUE,231,魔龙城,1059,505,右下,龙火,0,TRUE
6852,TRUE,231,魔龙城,881,404,左下,元飞,0,TRUE
7119,TRUE,231,魔龙城,1043,489,左上,玛法通驿,0,TRUE
6853,TRUE,232,魔龙东郊,1021,532,下方,阿宝01,0,TRUE
6854,TRUE,232,魔龙东郊,1105,247,右上,小虎01,0,TRUE
7123,TRUE,232,魔龙东郊,1121,574,下方,魔龙通驿,0,TRUE
6228,TRUE,233,魔龙西郊,1041,411,右方,雷老大03,0,TRUE
6858,TRUE,233,魔龙西郊,930,494,右方,龙渊,0,TRUE
7123,TRUE,233,魔龙西郊,1224,568,下方,魔龙通驿,0,TRUE
6855,TRUE,234,东林间胜地,1046,382,下方,炎老,0,TRUE
6230,TRUE,235,魔龙旧寨,1029,348,下方,龙魄,0,TRUE
6230,TRUE,236,魔龙祭坛,1135,385,右下,龙魄,0,TRUE
6856,TRUE,236,魔龙祭坛,990,329,右方,阿罗,0,TRUE
6859,TRUE,237,西林间胜地,970,444,下方,素云,0,TRUE
6860,TRUE,238,魔龙沼泽,954,323,上方,黑牛,0,TRUE
6227,TRUE,239,魔龙岭,1067,471,下方,雷老大02,0,TRUE
6857,TRUE,241,东魔龙关,1096,257,右方,雷老大01,0,TRUE
6232,TRUE,243,龙源血路,1015,369,上方,老药叔,0,TRUE
6226,TRUE,244,魔龙血域,1052,418,右方,神秘人,0,TRUE
6229,TRUE,244,魔龙血域,984,395,下方,雷老大04,0,TRUE
7121,TRUE,244,魔龙血域,906,357,下方,香菇,0,TRUE
6414,TRUE,251,巅峰赛王城2,948,463,下方,道哥31,0,TRUE
7004,TRUE,36,魔龙幻境,1058,504,下方,龙火02,0,TRUE
