怪物序号,标准一组,标准二组,标准三组,标准四组,标准五组,标准六组,标准七组,标准精英,进阶一组,进阶二组,进阶三组,进阶精英,困难一组,困难精英,触发脚本
1,蛮行巨人01,蛮行巨人01,蛮行巨人01,魔环蜂01,魔环蜂01,魔环蜂01,魔环蜂01,魔环蜂01,魔环蜂01,魔环蜂01,魔环蜂01,梦魇鬼将01,魔环蜂01,梦魇鬼将01,0
2,暗夜侵蚀者01,暗夜侵蚀者01,暗夜侵蚀者01,符文虫01,符文虫01,符文虫01,符文虫01,魔环蜂01,蛮行巨人01,蛮行巨人01,蛮行巨人01,梦魇鬼将01,蛮行巨人01,梦魇鬼将01,0
3,暗夜先锋01,暗夜先锋01,暗夜先锋01,蛮行巨人01,蛮行巨人01,蛮行巨人01,蛮行巨人01,魔环蜂01,暗夜侵蚀者01,暗夜侵蚀者01,暗夜侵蚀者01,梦魇鬼将01,暗夜侵蚀者01,梦魇鬼将01,0
4,暗夜先锋01,暗夜先锋01,暗夜先锋01,暗夜侵蚀者01,暗夜侵蚀者01,暗夜侵蚀者01,暗夜侵蚀者01,魔环蜂01,暗夜侵蚀者01,暗夜侵蚀者01,暗夜侵蚀者01,梦魇鬼将01,暗夜侵蚀者01,梦魇鬼将01,0
5,暗夜先锋01,暗夜先锋01,暗夜先锋01,暗夜侵蚀者01,暗夜侵蚀者01,暗夜侵蚀者01,暗夜侵蚀者01,魔环蜂01,暗夜侵蚀者01,暗夜侵蚀者01,暗夜侵蚀者01,梦魇鬼将01,暗夜侵蚀者01,梦魇鬼将01,0
6,暗夜先锋01,暗夜先锋01,暗夜先锋01,暗夜侵蚀者01,暗夜侵蚀者01,暗夜侵蚀者01,暗夜侵蚀者01,魔环蜂01,暗夜侵蚀者01,暗夜侵蚀者01,暗夜侵蚀者01,梦魇鬼将01,暗夜侵蚀者01,梦魇鬼将01,0
7,暗夜先锋01,暗夜先锋01,暗夜先锋01,暗夜侵蚀者01,暗夜侵蚀者01,暗夜侵蚀者01,暗夜侵蚀者01,魔环蜂01,暗夜先锋01,暗夜先锋01,暗夜先锋01,梦魇鬼将01,暗夜先锋01,梦魇鬼将01,0
8,null,暗夜先锋01,暗夜先锋01,暗夜先锋01,暗夜先锋01,暗夜先锋01,暗夜先锋01,魔环蜂01,暗夜先锋01,暗夜先锋01,暗夜先锋01,梦魇鬼将01,暗夜先锋01,梦魇鬼将01,0
9,null,暗夜疾羽虫02,暗夜先锋01,暗夜先锋01,暗夜先锋01,暗夜先锋01,暗夜先锋01,魔环蜂01,暗夜先锋01,暗夜先锋01,暗夜先锋01,梦魇鬼将01,暗夜先锋01,梦魇鬼将01,0
10,null,null,暗夜先锋01,暗夜先锋01,暗夜先锋01,暗夜先锋01,暗夜先锋01,魔环蜂01,暗夜先锋01,暗夜先锋01,暗夜先锋01,梦魇鬼将01,暗夜先锋01,梦魇鬼将01,0
11,null,null,暗夜疾羽虫02,暗夜先锋01,暗夜先锋01,暗夜先锋01,暗夜先锋01,null,暗夜裂翅者01,暗夜裂翅者01,暗夜先锋01,null,暗夜先锋01,null,0
12,null,null,null,暗夜裂翅者01,暗夜疾羽虫02,暗夜疾羽虫02,暗夜疾羽虫02,null,暗夜裂翅者01,暗夜裂翅者01,暗夜先锋01,null,暗夜先锋01,null,0
13,null,null,null,暗夜疾羽虫02,暗夜疾羽虫02,暗夜疾羽虫02,暗夜疾羽虫02,null,暗夜疾羽虫02,暗夜疾羽虫02,暗夜先锋01,null,暗夜先锋01,null,0
14,null,null,null,null,暗夜裂翅者01,暗夜疾羽虫02,暗夜疾羽虫02,null,null,null,暗夜先锋01,null,暗夜先锋01,null,0
15,null,null,null,null,暗夜裂翅者01,暗夜疾羽虫02,暗夜疾羽虫02,null,null,null,暗夜先锋01,null,暗夜先锋01,null,0
16,null,null,null,null,null,暗夜裂翅者01,暗夜裂翅者01,null,null,null,暗夜先锋01,null,暗夜先锋01,null,0
17,null,null,null,null,null,暗夜裂翅者01,暗夜裂翅者01,null,null,null,暗夜疾羽虫02,null,暗夜疾羽虫02,null,0
18,null,null,null,null,null,null,暗夜裂翅者01,null,null,null,暗夜疾羽虫02,null,暗夜疾羽虫02,null,0
19,null,null,null,null,null,null,暗夜裂翅者01,null,null,null,暗夜疾羽虫02,null,暗夜疾羽虫02,null,0
20,null,null,null,null,null,null,暗夜裂翅者01,null,null,null,暗夜疾羽虫02,null,暗夜疾羽虫02,null,0
21,null,null,null,null,null,null,null,null,null,null,暗夜裂翅者01,null,暗夜裂翅者01,null,0
22,null,null,null,null,null,null,null,null,null,null,暗夜裂翅者01,null,暗夜裂翅者01,null,0
23,null,null,null,null,null,null,null,null,null,null,暗夜裂翅者01,null,暗夜裂翅者01,null,0
24,null,null,null,null,null,null,null,null,null,null,暗夜裂翅者01,null,暗夜裂翅者01,null,0
25,null,null,null,null,null,null,null,null,null,null,暗夜裂翅者01,null,暗夜裂翅者01,null,0
26,null,null,null,null,null,null,null,null,null,null,暗夜裂翅者01,null,暗夜裂翅者01,null,0
